url,domain
https://geni.us/3nyfyR,geni.us
https://geni.us/9sVRFvJ,geni.us
https://remask.store/,remask.store
https://geni.us/SK9R5B,geni.us
https://geni.us/5lPJ1i,geni.us
https://geni.us/f5aBFiK,geni.us
https://geni.us/UOIhI,geni.us
https://geni.us/Ure7lWh,geni.us
https://geni.us/wOFv,geni.us
https://geni.us/hOxr,geni.us
https://geni.us/TGKBejP,geni.us
https://geni.us/EjEG,geni.us
https://geni.us/bUg7,geni.us
https://geni.us/u2bq4T,geni.us
https://www.selfridges.com/GB/en/cat/evolve-skateboards-stoke-electric-skateboard_R00107955/,selfridges.com
https://geni.us/nXsBgFx,geni.us
https://geni.us/HanA1,geni.us
https://geni.us/VBqR5,geni.us
https://geni.us/2v8DD,geni.us
https://geni.us/WJE7,geni.us
https://geni.us/wsj31F,geni.us
https://geni.us/CqnCDEo,geni.us
https://geni.us/9uTg,geni.us
https://geni.us/0PCMh,geni.us
https://geni.us/vYqUW6,geni.us
https://geni.us/u90PNVO,geni.us
https://geni.us/Ea7Hr,geni.us
https://geni.us/DVVQj0,geni.us
https://geni.us/6gQvC,geni.us
https://geni.us/zI5Q,geni.us
https://geni.us/hSGV,geni.us
https://geni.us/MjHAEt,geni.us
https://geni.us/ea5J21B,geni.us
https://geni.us/WrBzYR,geni.us
https://geni.us/iNiJ41,geni.us
https://geni.us/IbXLwK,geni.us
https://geni.us/Q0UVBKR,geni.us
https://geni.us/4C6AT,geni.us
https://geni.us/r91ABsd,geni.us
https://geni.us/JksOzJ,geni.us
https://geni.us/BCJIG,geni.us
https://geni.us/ZVM7hj,geni.us
https://geni.us/92OhzfS,geni.us
https://geni.us/c7FR,geni.us
https://geni.us/OsANDK7,geni.us
https://geni.us/fajRGG3,geni.us
https://geni.us/dbO00,geni.us
https://geni.us/qG0x87p,geni.us
https://geni.us/YmFJ,geni.us
https://geni.us/u3Bg7W,geni.us
https://geni.us/PK3ic,geni.us
https://geni.us/WszAQ,geni.us
https://geni.us/lKJBdY,geni.us
https://geni.us/c51MV,geni.us
https://geni.us/KVutg8q,geni.us
https://geni.us/pYBvY,geni.us
https://geni.us/M7acrod,geni.us
https://geni.us/BAX0o,geni.us
https://geni.us/mKtqI,geni.us
https://geni.us/IaAnEC,geni.us
https://geni.us/7qpoFZY,geni.us
https://geni.us/vhxjO,geni.us
https://geni.us/6Jbl,geni.us
https://geni.us/m6BCS,geni.us
https://geni.us/ZoKScfR,geni.us
https://geni.us/nzjGdv,geni.us
https://geni.us/R9GcvCG,geni.us
https://geni.us/m7mdoe,geni.us
https://geni.us/2RQFvQ,geni.us
https://geni.us/kgTTcu,geni.us
https://geni.us/dbvkYE,geni.us
https://geni.us/zSLqNJ,geni.us
https://geni.us/rFt8RW,geni.us
https://geni.us/7ZUB6C,geni.us
https://geni.us/corCynd,geni.us
https://geni.us/Sb0PIzs,geni.us
https://geni.us/ceZz,geni.us
https://geni.us/EAwZZeo,geni.us
https://www.urbankitsupply.com/products/matador-nanodry-trek-towel-small,urbankitsupply.com
https://geni.us/DHAhXr,geni.us
https://geni.us/GrBA4L,geni.us
https://geni.us/wLx78Q,geni.us
https://geni.us/UMMNi,geni.us
https://geni.us/3dEHcBa,geni.us
https://geni.us/SetC,geni.us
https://www.etsy.com/listing/845350924/rusty-steel-puzzle-wallet,etsy.com
https://geni.us/ZQ2coS,geni.us
https://geni.us/FD73OB0,geni.us
https://www.indiegogo.com/projects/gravastar-sirius-earbuds-strong-bass-low-latency#/,indiegogo.com
https://geni.us/uP3I,geni.us
https://geni.us/SeMp,geni.us
https://geni.us/bxxyL,geni.us
https://geni.us/A6rapNW,geni.us
https://geni.us/NskWEv,geni.us
https://geni.us/cz9p,geni.us
https://geni.us/nNuRA,geni.us
https://www.etsy.com/listing/519315210/cyber-armour-glove,etsy.com
https://geni.us/shDgCK,geni.us
https://theawesomer.com/oceanus-brass-kraken-blade/609163/,theawesomer.com
https://geni.us/MjRT,geni.us
https://geni.us/mCBp4l8,geni.us
https://geni.us/nPVdI,geni.us
https://geni.us/eB9gsig,geni.us
https://geni.us/ajnY,geni.us
https://geni.us/n2Fsg,geni.us
https://geni.us/KIOD,geni.us
https://geni.us/XGY1,geni.us
https://geni.us/4lZIGtR,geni.us
https://geni.us/qXn0,geni.us
https://geni.us/YkoqX,geni.us
https://geni.us/3R2tyA,geni.us
https://geni.us/9M7jK1w,geni.us
https://geni.us/ubyApl,geni.us
https://geni.us/jYhet,geni.us
https://geni.us/s0BcnS,geni.us
https://geni.us/2mobxWW,geni.us
https://geni.us/hagqK,geni.us
https://geni.us/wFLn,geni.us
https://geni.us/aXBYiv,geni.us
https://geni.us/ro3FA,geni.us
https://geni.us/dMa2CfT,geni.us
https://geni.us/wH32EEX,geni.us
https://geni.us/dlzu1s,geni.us
https://geni.us/6AB6P,geni.us
https://geni.us/4upxs,geni.us
https://geni.us/Toup,geni.us
https://geni.us/wcze,geni.us
https://geni.us/MpOM,geni.us
https://geni.us/dRTV2l,geni.us
https://geni.us/h6eQEq,geni.us
https://geni.us/HIiwW,geni.us
https://geni.us/GOrhF2,geni.us
https://geni.us/xwx4y7n,geni.us
https://geni.us/Pi4w,geni.us
https://www.megaknife.com/rainbow-edc-folding-snub-knife-mini-pocket-knife-w-keychain/,megaknife.com
https://geni.us/8O0bD2,geni.us
https://geni.us/2BBna2C,geni.us
https://geni.us/EeNrdr,geni.us
https://geni.us/Nrbi9,geni.us
https://geni.us/pRGBx,geni.us
https://geni.us/1fvN49t,geni.us
https://geni.us/qgiEDc0,geni.us
https://geni.us/3xH4Z,geni.us
https://geni.us/aJBKSo,geni.us
https://geni.us/0wtjc,geni.us
https://geni.us/jwo4xl,geni.us
https://geni.us/iXtw1,geni.us
https://geni.us/BnJDP,geni.us
https://geni.us/69LCzK,geni.us
https://geni.us/X0cQjWR,geni.us
https://geni.us/87sQM8,geni.us
https://geni.us/e4JtHn,geni.us
https://geni.us/cjZAD,geni.us
https://amzn.to/2qJ7EWP,amzn.to
https://geni.us/JBvF,geni.us
https://geni.us/NwThxX,geni.us
https://geni.us/AtB6wM,geni.us
https://geni.us/9NDmU,geni.us
https://geni.us/BRJe,geni.us
https://geni.us/sztIqd,geni.us
https://geni.us/Piju,geni.us
https://geni.us/MGh4b,geni.us
https://geni.us/jfg5,geni.us
https://geni.us/1RJgPP,geni.us
https://geni.us/xOqZ,geni.us
https://geni.us/HAEnG0Q,geni.us
https://geni.us/GiTKwjF,geni.us
https://geni.us/kABX,geni.us
https://geni.us/TUSc8y,geni.us
https://geni.us/RVkE,geni.us
https://geni.us/euZDkd,geni.us
https://geni.us/qBBhvc2,geni.us
https://geni.us/l0z4,geni.us
https://geni.us/zEtiPDI,geni.us
https://geni.us/jVqnNlx,geni.us
https://geni.us/Nop9eRZ,geni.us
https://geni.us/7bbV36r,geni.us
https://geni.us/cLe7,geni.us
https://geni.us/Y1X6w1v,geni.us
https://geni.us/wGSD,geni.us
https://geni.us/n50498,geni.us
https://geni.us/tqA7Eo,geni.us
https://geni.us/N5V1zjI,geni.us
https://geni.us/mM4mN,geni.us
https://geni.us/79Wi,geni.us
https://geni.us/PBQI8pg,geni.us
https://geni.us/HPco,geni.us
https://geni.us/uJ4QFK,geni.us
https://geni.us/Lr2x,geni.us
https://geni.us/dxcK23,geni.us
https://geni.us/6Cc6umD,geni.us
https://geni.us/4elxJ5o,geni.us
https://geni.us/xudK,geni.us
https://geni.us/wQrzQqb,geni.us
https://geni.us/KEIg7k,geni.us
https://geni.us/YfcVQNE,geni.us
https://geni.us/n6om9o,geni.us
https://geni.us/75pF1,geni.us
https://geni.us/vQpweA,geni.us
https://geni.us/kYNtOU,geni.us
https://geni.us/XFnuRm,geni.us
https://geni.us/kdgOYrV,geni.us
https://geni.us/J3AXL,geni.us
https://geni.us/bpm46j,geni.us
https://geni.us/bzkzT3B,geni.us
https://geni.us/nUiasTV,geni.us
https://geni.us/tAXN,geni.us
https://geni.us/j57Z9,geni.us
https://geni.us/iT38,geni.us
https://geni.us/dA7N,geni.us
https://geni.us/z7yG,geni.us
https://geni.us/pAz6,geni.us
https://geni.us/Zt1mJsG,geni.us
https://geni.us/8m0H,geni.us
https://geni.us/au7AB,geni.us
https://geni.us/yAMWMjX,geni.us
https://geni.us/BVnv,geni.us
https://geni.us/yVXZO,geni.us
https://geni.us/rbwK4F,geni.us
https://geni.us/RmWYeop,geni.us
https://geni.us/hVZXzgZ,geni.us
https://geni.us/ypTRJ,geni.us
https://geni.us/JhRkj2,geni.us
https://geni.us/u1XGEX,geni.us
https://geni.us/VN3eW,geni.us
https://geni.us/X96GsFv,geni.us
https://geni.us/sCiAfK,geni.us
https://geni.us/BTbGQ,geni.us
https://geni.us/jHM4,geni.us
https://geni.us/EyfQH,geni.us
https://geni.us/uoUr,geni.us
https://geni.us/b52eO2M,geni.us
https://geni.us/fYXoz,geni.us
https://geni.us/QVws0KX,geni.us
https://geni.us/gVXAQE,geni.us
https://geni.us/HuddCRB,geni.us
https://geni.us/fBEVMcu,geni.us
https://geni.us/Nj1h0W,geni.us
https://geni.us/Q50PC7,geni.us
https://geni.us/AqGJwBB,geni.us
https://geni.us/JCZvW9R,geni.us
https://geni.us/Od2wae,geni.us
https://geni.us/Apr6pAI,geni.us
https://geni.us/bREn,geni.us
https://geni.us/ercWY,geni.us
https://geni.us/SezZYEi,geni.us
https://geni.us/ImNjS,geni.us
https://geni.us/ThAH92,geni.us
https://geni.us/eZ3Bnk,geni.us
https://geni.us/DB1ymr,geni.us
https://geni.us/FX68yT,geni.us
https://geni.us/Pb0UyP,geni.us
https://geni.us/hrE7,geni.us
https://geni.us/L2H2BA,geni.us
https://geni.us/YUYb5,geni.us
https://geni.us/Tvnx4e,geni.us
https://geni.us/k0DGRYC,geni.us
https://geni.us/IRVDR,geni.us
https://geni.us/YLPRtn,geni.us
https://geni.us/3UaClO2,geni.us
https://geni.us/AW3Q5,geni.us
https://geni.us/1MQUeX,geni.us
https://geni.us/MadX12,geni.us
https://geni.us/hd2XHgw,geni.us
https://geni.us/7OtZ2ZA,geni.us
https://geni.us/6Gfin8,geni.us
https://geni.us/Ura3y,geni.us
https://geni.us/97tqc7,geni.us
https://geni.us/oc6D0a,geni.us
https://geni.us/5AgA6,geni.us
https://geni.us/ER55J,geni.us
https://www.vortecon.com/,vortecon.com
https://www.chrono24.com/hublot/mp-05-laferrari--mod2512.htm,chrono24.com
https://geni.us/k9AqQ,geni.us
https://geni.us/BVBMPSo,geni.us
https://geni.us/kOm34A,geni.us
https://geni.us/LCF2jP,geni.us
https://geni.us/2BPeNa,geni.us
https://bit.ly/371wFyi,bit.ly
https://bit.ly/3i8QnP3,bit.ly
https://geni.us/GTan,geni.us
https://bit.ly/378AKAJ,bit.ly
https://bit.ly/3iTLuIv,bit.ly
https://bit.ly/3BP3n3V,bit.ly
https://geni.us/F3ElJ1,geni.us
https://geni.us/G4ez2,geni.us
https://geni.us/eH4Ea,geni.us
https://tidd.ly/3jjI7em,tidd.ly
https://geni.us/oW6kIAI,geni.us
https://geni.us/FOvx,geni.us
https://geni.us/FB2E,geni.us
https://geni.us/POoYT,geni.us
https://geni.us/ua6l4A2,geni.us
https://geni.us/s55nda8,geni.us
https://geni.us/muNXa,geni.us
https://geni.us/cFXHst,geni.us
https://geni.us/pcnM4,geni.us
https://geni.us/0d9S,geni.us
https://geni.us/AsiFBE9,geni.us
https://geni.us/vKgVI,geni.us
https://geni.us/ccZe,geni.us
https://geni.us/AnkO,geni.us
https://geni.us/CbnIg,geni.us
https://geni.us/AdZ2B,geni.us
https://geni.us/qcnR,geni.us
https://geni.us/N5nuAV,geni.us
https://geni.us/2AXmx,geni.us
https://geni.us/bPDuqmr,geni.us
https://geni.us/0fFjK9,geni.us
https://geni.us/YOy9,geni.us
https://geni.us/9u3H,geni.us
https://geni.us/L1dhjg,geni.us
https://geni.us/KIIhg,geni.us
https://geni.us/oufT7pJ,geni.us
https://geni.us/upPeR5A,geni.us
https://geni.us/H2amO,geni.us
https://geni.us/rJG5JK,geni.us
https://tidd.ly/37cItO7,tidd.ly
https://geni.us/zz9sw,geni.us
https://geni.us/SBZ9MY,geni.us
https://geni.us/9oc5kC,geni.us
https://geni.us/MBdY7,geni.us
https://geni.us/oSknNma,geni.us
https://geni.us/u8UBreJ,geni.us
https://geni.us/pOQcRd,geni.us
https://geni.us/3tygv,geni.us
https://geni.us/Ex3d,geni.us
https://geni.us/tjzO3,geni.us
https://geni.us/AM8VS,geni.us
https://geni.us/0v8Ap,geni.us
https://geni.us/wjiFoy,geni.us
https://geni.us/xGSf,geni.us
https://geni.us/LtQgNpH,geni.us
https://geni.us/yVBYVR1,geni.us
https://geni.us/ukpQtU,geni.us
https://geni.us/zXFaQ,geni.us
https://geni.us/AZqzgLB,geni.us
https://geni.us/sNAGDu,geni.us
https://geni.us/GDRh2d,geni.us
https://geni.us/JQQu,geni.us
https://geni.us/PLhH1S,geni.us
https://geni.us/NmBzH,geni.us
https://geni.us/lyAGcG,geni.us
https://geni.us/5cd1VU,geni.us
https://geni.us/TpBE,geni.us
https://geni.us/nJlAz,geni.us
https://geni.us/Aq1AHo,geni.us
https://geni.us/VV8DxxU,geni.us
https://geni.us/G5Gh,geni.us
https://www.ferrowatches.com/products/distinct-3-pre-order,ferrowatches.com
https://geni.us/45CL7K,geni.us
https://geni.us/wXCAlhW,geni.us
https://geni.us/P5BeXi,geni.us
https://geni.us/B7lBGl2,geni.us
https://geni.us/Ofvs,geni.us
https://geni.us/TAL4Qfb,geni.us
https://geni.us/YDtak,geni.us
https://geni.us/sIj0,geni.us
https://geni.us/vRZHG8R,geni.us
https://geni.us/uzSi,geni.us
https://geni.us/PAIDUj,geni.us
https://geni.us/NeidAuB,geni.us
https://geni.us/0yAcBPc,geni.us
https://geni.us/e2YAutd,geni.us
https://geni.us/6Ci77Z,geni.us
https://geni.us/BZdkYm,geni.us
https://geni.us/9Z57,geni.us
https://geni.us/hiBANW1,geni.us
https://geni.us/e8LH8Ie,geni.us
https://geni.us/vyfEi4,geni.us
https://geni.us/y67Ap8,geni.us
https://geni.us/afDWC,geni.us
https://geni.us/i1WA,geni.us
https://geni.us/vdeoRj,geni.us
https://geni.us/Jxswnq,geni.us
https://geni.us/HXLAKE,geni.us
https://geni.us/u4LQ1,geni.us
https://geni.us/aAteJB,geni.us
https://geni.us/z9IGO,geni.us
https://geni.us/2QjcOHP,geni.us
https://geni.us/ZBStdc,geni.us
https://geni.us/w5npop,geni.us
https://geni.us/o6uuF0g,geni.us
https://geni.us/pJiBE9,geni.us
https://geni.us/60YZr,geni.us
https://geni.us/JkRAH1S,geni.us
https://geni.us/qvnjB,geni.us
https://geni.us/RFi5c,geni.us
https://geni.us/OZR5E,geni.us
https://geni.us/Xh1kf,geni.us
https://geni.us/MShb,geni.us
https://geni.us/DDwWa7,geni.us
https://geni.us/phoT,geni.us
https://geni.us/p6g1x,geni.us
https://geni.us/Igf16nW,geni.us
https://geni.us/ZNDo3vo,geni.us
https://geni.us/38wuAt3,geni.us
https://geni.us/aX1VaA,geni.us
https://geni.us/6tCyxK,geni.us
https://www.kickstarter.com/projects/1665832425/loop-mount-instant-bike-navigation-when-you-need-it,kickstarter.com
https://geni.us/C1tEsN,geni.us
https://geni.us/LIdFvg,geni.us
https://geni.us/kZPQ7,geni.us
https://geni.us/tuKM,geni.us
https://geni.us/EBRhrv,geni.us
https://geni.us/F7l4W,geni.us
https://geni.us/T8FF,geni.us
https://geni.us/7EHj,geni.us
https://geni.us/FK6G,geni.us
https://geni.us/OFxSuhZ,geni.us
https://geni.us/2t4H3,geni.us
https://geni.us/T246ooC,geni.us
https://geni.us/PZa4p7Z,geni.us
https://geni.us/atD2t,geni.us
https://geni.us/ZolbC,geni.us
https://geni.us/hMEXumd,geni.us
https://geni.us/ARqsDF,geni.us
https://geni.us/MQyH,geni.us
https://geni.us/t70uB,geni.us
https://geni.us/DJmTBYQ,geni.us
https://geni.us/6pgHO,geni.us
https://geni.us/BZAz,geni.us
https://geni.us/LdZH,geni.us
https://geni.us/oBqti,geni.us
https://geni.us/AZ5pA,geni.us
https://geni.us/fcNNDbg,geni.us
https://geni.us/EQOB,geni.us
https://geni.us/oQcOS,geni.us
https://geni.us/Cmzedn,geni.us
https://geni.us/XWlU,geni.us
https://geni.us/QQXiMIP,geni.us
https://geni.us/1HhWg,geni.us
https://geni.us/jFDKME,geni.us
https://geni.us/qsOvs,geni.us
https://geni.us/zY7u,geni.us
https://geni.us/6SrsPAU,geni.us
https://geni.us/XVoY,geni.us
https://geni.us/cDgcYkQ,geni.us
https://geni.us/HmwbU,geni.us
https://geni.us/BA86Zoq,geni.us
https://geni.us/yfwA4,geni.us
https://geni.us/xSD12lv,geni.us
https://geni.us/ccIOTAA,geni.us
https://geni.us/ZByUK5C,geni.us
https://geni.us/tq96rmf,geni.us
https://geni.us/A3y1,geni.us
https://geni.us/bfVLqK7,geni.us
https://geni.us/gANBJcv,geni.us
https://geni.us/w6UL9K,geni.us
https://geni.us/g8yFF,geni.us
https://geni.us/I98qreR,geni.us
https://geni.us/BKKS0vi,geni.us
https://geni.us/6OpBA7,geni.us
https://geni.us/gV20C02,geni.us
https://geni.us/oxIi5U3,geni.us
https://geni.us/93E6DI,geni.us
https://geni.us/rMB2A,geni.us
https://geni.us/AZAYeA,geni.us
https://nexdock.com/,nexdock.com
https://geni.us/S0f2o3,geni.us
https://geni.us/Wu9qE2,geni.us
https://geni.us/sxX6SX,geni.us
https://geni.us/gHAGcM,geni.us
https://geni.us/fEDdMzW,geni.us
https://geni.us/zBW4z,geni.us
https://geni.us/A8A0,geni.us
https://geni.us/yhLsKDF,geni.us
https://geni.us/Y8LamI,geni.us
https://geni.us/qXoJAT,geni.us
https://geni.us/ntSjI,geni.us
https://geni.us/Lq2b,geni.us
https://duolinkgo.com/,duolinkgo.com
https://geni.us/JBNQB,geni.us
https://geni.us/fWr9V4B,geni.us
https://geni.us/urAcb,geni.us
https://geni.us/TxXSk,geni.us
https://geni.us/fRew9x,geni.us
https://geni.us/VRt48,geni.us
https://geni.us/EIfy,geni.us
https://geni.us/h3mpwYG,geni.us
https://geni.us/eAsxiR,geni.us
https://geni.us/Cbv3,geni.us
https://geni.us/6EIuL,geni.us
https://geni.us/LBpl2,geni.us
https://geni.us/lo4x,geni.us
https://geni.us/WAK73,geni.us
https://geni.us/ByMxr,geni.us
https://geni.us/lbqELC,geni.us
https://geni.us/Hj5t,geni.us
https://geni.us/b1tr9B,geni.us
https://geni.us/N24tHK,geni.us
https://geni.us/SrLbk,geni.us
https://geni.us/GdFFbP,geni.us
https://geni.us/VIF9N,geni.us
https://geni.us/MfYXAdW,geni.us
https://geni.us/pQwWp,geni.us
https://geni.us/2p8B2i,geni.us
https://geni.us/SUAb,geni.us
https://geni.us/6KTcQ,geni.us
https://geni.us/w1cpD,geni.us
https://geni.us/kQ8mSi,geni.us
https://geni.us/beY2CK,geni.us
https://geni.us/yWABdp,geni.us
https://geni.us/4LSA,geni.us
https://geni.us/BBemB,geni.us
https://geni.us/QfWj,geni.us
https://geni.us/KOrWf,geni.us
https://geni.us/SLetPb,geni.us
https://geni.us/6sV4z,geni.us
https://geni.us/vlnW,geni.us
https://geni.us/GOzzqn,geni.us
https://geni.us/WKG7wBd,geni.us
https://geni.us/MOHCq,geni.us
https://geni.us/FPCc,geni.us
https://geni.us/UbSe,geni.us
https://geni.us/a6rAU,geni.us
https://geni.us/8EC3A2,geni.us
https://geni.us/CQpvG,geni.us
https://geni.us/9hwY,geni.us
https://geni.us/X3VemuL,geni.us
https://geni.us/XHmfV,geni.us
https://jho-knives.com/products/f-h-brass,jho-knives.com
https://geni.us/HKCLsag,geni.us
https://geni.us/LisAs,geni.us
https://geni.us/bFHEuAa,geni.us
https://geni.us/1gWuGbo,geni.us
https://geni.us/qH8vXB,geni.us
https://geni.us/sxnm,geni.us
https://geni.us/vY5y,geni.us
https://geni.us/BWtQEA,geni.us
https://geni.us/OdQSwua,geni.us
https://geni.us/f7GFOtI,geni.us
https://geni.us/yTGb5o,geni.us
https://geni.us/VqjMt,geni.us
https://geni.us/HFpRj8,geni.us
https://geni.us/yAQPnd4,geni.us
https://geni.us/BOjJ,geni.us
https://geni.us/cCy1TF,geni.us
https://geni.us/Q8DHahl,geni.us
https://geni.us/NB5i,geni.us
https://geni.us/jHV1E,geni.us
https://geni.us/CvKt,geni.us
https://geni.us/EPvJ,geni.us
https://geni.us/f4HUV,geni.us
https://geni.us/2LX7uM,geni.us
https://geni.us/HSMzF,geni.us
https://geni.us/tW42,geni.us
https://geni.us/xO75Rf,geni.us
https://geni.us/wDRCx,geni.us
https://geni.us/aHEEUW,geni.us
https://geni.us/IgIS0,geni.us
https://geni.us/vrNlrJ,geni.us
https://www.moorebot.com/pages/moorebot-scout,moorebot.com
https://geni.us/z6CON,geni.us
https://geni.us/8TbJBJE,geni.us
https://geni.us/EAfT,geni.us
https://www.kickstarter.com/projects/respira/respira-the-air-purifying-garden-that-takes-care-of-itself,kickstarter.com
https://geni.us/BBhgu,geni.us
https://geni.us/EA3b,geni.us
https://geni.us/IqAG8,geni.us
https://geni.us/KBe6R,geni.us
https://geni.us/Hj1vq,geni.us
https://geni.us/UBCyGYm,geni.us
https://geni.us/uNCOb,geni.us
https://geni.us/Ytbh,geni.us
https://geni.us/ABcjA,geni.us
https://geni.us/npfh,geni.us
https://geni.us/DB3V,geni.us
https://geni.us/aDOv,geni.us
https://geni.us/AQir,geni.us
https://geni.us/M1hD1B,geni.us
https://geni.us/5A0Cx,geni.us
https://geni.us/b5Hja1,geni.us
https://geni.us/dqY8,geni.us
https://geni.us/EkTtIw,geni.us
https://geni.us/BqwK,geni.us
https://geni.us/q3oh,geni.us
https://geni.us/9aBr8,geni.us
https://geni.us/6szTer,geni.us
https://geni.us/OPyZ,geni.us
https://geni.us/tLkO2t7,geni.us
https://geni.us/DBsMqzF,geni.us
https://geni.us/WZyaX,geni.us
https://geni.us/Ln4Vs,geni.us
https://geni.us/Ii3ZsN,geni.us
https://gaturadesign.com/collections/edc-pouches-1/products/key-organizer,gaturadesign.com
https://geni.us/4mNU3B,geni.us
https://geni.us/Xjz16t3,geni.us
https://geni.us/uAp5D,geni.us
https://geni.us/5oUxBn,geni.us
https://geni.us/Xgy9kK,geni.us
https://geni.us/bQtTDg0,geni.us
https://geni.us/C9RPjIP,geni.us
https://geni.us/TYa1X,geni.us
https://geni.us/Gc2go,geni.us
https://geni.us/r0PdRSb,geni.us
https://geni.us/r83SR7B,geni.us
https://geni.us/XWpcJ,geni.us
https://geni.us/B8IBi,geni.us
https://geni.us/YdGFG,geni.us
https://geni.us/iVMFTC,geni.us
https://geni.us/hf4OT,geni.us
https://geni.us/wkxTA,geni.us
https://geni.us/A7VR,geni.us
https://geni.us/kG0km1M,geni.us
https://geni.us/7pMOub1,geni.us
https://geni.us/rPNOTV,geni.us
https://geni.us/nBiPrV,geni.us
https://geni.us/nWlkV,geni.us
https://geni.us/PLOf,geni.us
https://geni.us/Auws3A,geni.us
https://geni.us/3ImBS,geni.us
https://geni.us/AdVBNPc,geni.us
https://geni.us/tzbSz3,geni.us
https://geni.us/duhmXm,geni.us
https://geni.us/ipabZ,geni.us
https://geni.us/mKBs,geni.us
https://geni.us/0Eh7,geni.us
https://geni.us/3CBEG8,geni.us
https://geni.us/IhyrMev,geni.us
https://geni.us/v70YRA,geni.us
https://geni.us/w29riC,geni.us
https://geni.us/dhtz7q,geni.us
https://geni.us/JCCbGJ,geni.us
https://geni.us/csxsH,geni.us
https://geni.us/uAzBk9G,geni.us
https://geni.us/xeTfc,geni.us
https://geni.us/NyOvfW2,geni.us
https://geni.us/yabTb,geni.us
https://geni.us/TULzOYg,geni.us
https://geni.us/5g1hmV,geni.us
https://geni.us/WmZ10a,geni.us
https://geni.us/n5t89,geni.us
https://geni.us/ZxmS,geni.us
https://geni.us/sIom,geni.us
https://geni.us/SbFoT,geni.us
https://geni.us/ARaRkON,geni.us
https://geni.us/R5Sa,geni.us
https://geni.us/PyGoA,geni.us
https://geni.us/qbwz,geni.us
https://geni.us/73tA8,geni.us
https://geni.us/IA9B,geni.us
https://geni.us/vibK,geni.us
https://www.robboxtools.com/,robboxtools.com
https://geni.us/ARdiA,geni.us
https://geni.us/SBcgleq,geni.us
https://geni.us/zFyJBA,geni.us
https://geni.us/o9nY89,geni.us
https://geni.us/hAXNYO,geni.us
https://geni.us/Ozbag,geni.us
https://geni.us/Jgi85g1,geni.us
https://geni.us/BEIkH,geni.us
https://geni.us/qvw5Z5,geni.us
https://geni.us/5jBiV4K,geni.us
https://geni.us/16infgi,geni.us
https://geni.us/mEBOtC3,geni.us
https://geni.us/SbTq9Yr,geni.us
https://geni.us/gUIg,geni.us
https://geni.us/RG7AcS0,geni.us
https://geni.us/SffPdi,geni.us
https://geni.us/1wiwU,geni.us
https://geni.us/ITR6Ia,geni.us
https://geni.us/R5tOX,geni.us
https://geni.us/MnyJy8,geni.us
https://geni.us/EjBJ0ON,geni.us
https://geni.us/5oJB,geni.us
https://geni.us/xwYnb,geni.us
https://geni.us/QTL5S,geni.us
https://geni.us/EwruOc,geni.us
https://geni.us/6BBA06g,geni.us
https://www.urwerk.com/collections/ur-special-projects/ur-1001,urwerk.com
https://geni.us/U8itrh,geni.us
https://geni.us/WPDqA,geni.us
https://geni.us/Et7EASm,geni.us
https://geni.us/Lnak,geni.us
https://geni.us/9rLmGzC,geni.us
https://geni.us/N3XHu,geni.us
https://geni.us/w8JHz,geni.us
https://geni.us/nOsIzLn,geni.us
https://geni.us/xVLD2BB,geni.us
https://geni.us/3RyE2l,geni.us
https://geni.us/wNVFWM,geni.us
https://geni.us/BOofQ89,geni.us
https://geni.us/MhaT5,geni.us
https://geni.us/4KdCvX,geni.us
https://geni.us/nsa6,geni.us
https://geni.us/P4Zl7,geni.us
https://geni.us/GYalEX,geni.us
https://geni.us/jdRL,geni.us
https://geni.us/oHU8B,geni.us
https://geni.us/1vsqm,geni.us
https://geni.us/7aQW5X,geni.us
https://geni.us/Jaf5ims,geni.us
https://geni.us/775uBo,geni.us
https://geni.us/hpfNwPP,geni.us
https://geni.us/cu9Kn7C,geni.us
https://geni.us/Ah5r,geni.us
https://geni.us/cftZkIk,geni.us
https://geni.us/9LJIjQ,geni.us
https://geni.us/eTNc,geni.us
https://geni.us/8YGAk,geni.us
https://geni.us/ZbP1a,geni.us
https://geni.us/YBOHz,geni.us
https://geni.us/Xz8aQn,geni.us
https://geni.us/wrll,geni.us
https://geni.us/dJ8UL,geni.us
https://geni.us/yHiJgsr,geni.us
https://geni.us/fk7OM,geni.us
https://geni.us/ucUdwH,geni.us
https://geni.us/4Ca7VKz,geni.us
https://geni.us/ULMyTD,geni.us
https://geni.us/gIw8nCW,geni.us
https://geni.us/yYFoWk3,geni.us
https://geni.us/AQcQtw,geni.us
https://geni.us/eU3NYQ,geni.us
https://geni.us/Q68Mk,geni.us
https://geni.us/tIMm,geni.us
https://geni.us/FgzfA25,geni.us
https://geni.us/JZJwf,geni.us
https://geni.us/umGHt,geni.us
https://geni.us/JWr4MSs,geni.us
https://geni.us/l0nx,geni.us
https://geni.us/wodrG2C,geni.us
https://geni.us/eo9B,geni.us
https://geni.us/muMwO,geni.us
https://geni.us/OJsysz,geni.us
https://geni.us/5RflB,geni.us
https://geni.us/MJ5xh,geni.us
https://geni.us/cBAuC09,geni.us
https://geni.us/gbgGr2F,geni.us
https://geni.us/7ICeyX,geni.us
https://geni.us/dJdgDNZ,geni.us
https://geni.us/dfY5,geni.us
https://geni.us/WBgP,geni.us
https://geni.us/GeMm9h,geni.us
https://geni.us/HVWnyP,geni.us
https://geni.us/w37B,geni.us
https://geni.us/KMoJNZ,geni.us
https://geni.us/yM4mXpQ,geni.us
https://geni.us/O0ZSo,geni.us
https://geni.us/ny99lN,geni.us
https://geni.us/eHiBT,geni.us
https://geni.us/44xxf,geni.us
https://geni.us/MFkUVzj,geni.us
https://geni.us/AI0uiM,geni.us
https://geni.us/dAeA6ov,geni.us
https://geni.us/ugBjM6r,geni.us
https://geni.us/3kZoDf,geni.us
https://geni.us/tZnLajK,geni.us
https://geni.us/arXLP,geni.us
https://geni.us/MuCMBti,geni.us
https://geni.us/gKMvd,geni.us
https://geni.us/YXx9MTu,geni.us
https://geni.us/MMjRth,geni.us
https://geni.us/Sv54m,geni.us
https://geni.us/WkZs8DA,geni.us
https://geni.us/2MfQi0,geni.us
https://geni.us/5UcqXZ,geni.us
https://geni.us/2xS54r9,geni.us
https://geni.us/h41L,geni.us
https://geni.us/HBiA,geni.us
https://geni.us/n7oB9j,geni.us
https://geni.us/A3j5B,geni.us
https://geni.us/IrxARsx,geni.us
https://geni.us/Ysr8,geni.us
https://geni.us/Boa7v,geni.us
https://geni.us/CXIF5P,geni.us
https://geni.us/2GUAab,geni.us
https://geni.us/xSRR,geni.us
https://geni.us/DHSYcqM,geni.us
https://geni.us/SBOT,geni.us
https://geni.us/HZUby,geni.us
https://geni.us/ho0UF,geni.us
https://geni.us/ZMb4Ac,geni.us
https://geni.us/aJRX,geni.us
https://geni.us/uW4zKK8,geni.us
https://geni.us/SEcHc0,geni.us
https://geni.us/ndmBJz6,geni.us
https://geni.us/u24j,geni.us
https://geni.us/p3rV,geni.us
https://geni.us/8acJGl,geni.us
https://geni.us/7F6gJd,geni.us
https://geni.us/vTxeWM,geni.us
https://geni.us/q1jV,geni.us
https://yostlabs.com/product/priovr-dev-kit-priovr-pro/,yostlabs.com
https://geni.us/rBj6hO,geni.us
https://geni.us/cUS6,geni.us
https://geni.us/TaPYrQN,geni.us
https://geni.us/rOBm,geni.us
https://geni.us/AhL0UUo,geni.us
https://geni.us/ij1SQhA,geni.us
https://geni.us/5y5hj,geni.us
https://geni.us/AhlpVW,geni.us
https://geni.us/dJAh8gD,geni.us
https://geni.us/B9N4DN9,geni.us
https://geni.us/GvJgK,geni.us
https://geni.us/thLrO,geni.us
https://geni.us/81jfD,geni.us
https://geni.us/OJ0f,geni.us
https://geni.us/YA1jtry,geni.us
https://geni.us/FUbt,geni.us
https://geni.us/ltO2k,geni.us
https://geni.us/Ljz6,geni.us
https://geni.us/wKaB,geni.us
https://geni.us/ZxQd,geni.us
https://geni.us/iVEN6,geni.us
https://geni.us/qXtM,geni.us
https://geni.us/2ihgC,geni.us
https://geni.us/jWRqJ8,geni.us
https://geni.us/fCnQFM,geni.us
https://geni.us/NHev7,geni.us
https://geni.us/ehay,geni.us
https://geni.us/pDXA5uc,geni.us
https://geni.us/4hPS,geni.us
https://geni.us/QUOuD7,geni.us
https://geni.us/g6fFHY,geni.us
https://geni.us/0xtz,geni.us
https://geni.us/BwzsB,geni.us
https://geni.us/ANDiqFM,geni.us
https://geni.us/gXo8s,geni.us
https://geni.us/tRbH,geni.us
https://geni.us/njAG,geni.us
https://geni.us/AO56,geni.us
https://geni.us/dD7Ak,geni.us
https://geni.us/jXMWZY,geni.us
https://geni.us/QZzlt6,geni.us
https://geni.us/IJSxq,geni.us
https://geni.us/IsWfzfp,geni.us
https://geni.us/a72Me,geni.us
https://geni.us/YKzy,geni.us
https://geni.us/acYsvX,geni.us
https://geni.us/P8q9dkS,geni.us
https://geni.us/ut1BAg,geni.us
https://geni.us/zlW1gGC,geni.us
https://geni.us/cqay,geni.us
https://geni.us/DLLH8t,geni.us
https://geni.us/EAFnp,geni.us
https://geni.us/sicQNG,geni.us
https://geni.us/tKdXA,geni.us
https://geni.us/kV5FpYo,geni.us
https://geni.us/brVv,geni.us
https://geni.us/qpt6Rl,geni.us
https://geni.us/LBzrHzk,geni.us
https://geni.us/7mzA,geni.us
https://geni.us/RCBgO,geni.us
https://geni.us/exhJ,geni.us
https://geni.us/xGsf,geni.us
https://geni.us/ondBSaC,geni.us
https://geni.us/gm2lnGH,geni.us
https://geni.us/GZIV,geni.us
https://geni.us/bMugnhw,geni.us
https://geni.us/WvDf4,geni.us
https://geni.us/zBCOaoh,geni.us
https://geni.us/oCMCou,geni.us
https://geni.us/i6LWQJ,geni.us
https://geni.us/mGt9dpw,geni.us
https://geni.us/XAbUr,geni.us
https://geni.us/wfD0snW,geni.us
https://geni.us/CAlM,geni.us
https://geni.us/A7XMsUC,geni.us
https://geni.us/fGmfUE8,geni.us
https://geni.us/KGOT,geni.us
https://geni.us/yZwpa,geni.us
https://geni.us/vlO2,geni.us
https://geni.us/z7Cb,geni.us
https://geni.us/yCA4dr,geni.us
https://www.aliexpress.com/i/4001163248447.html,aliexpress.com
https://geni.us/41MfT,geni.us
https://geni.us/AdSi7A,geni.us
https://geni.us/c23uEl,geni.us
https://geni.us/hOx7,geni.us
https://geni.us/menTWir,geni.us
https://geni.us/xd3H,geni.us
https://geni.us/kuuN,geni.us
https://geni.us/v6PAX,geni.us
https://geni.us/uLmN,geni.us
https://geni.us/HevWLCN,geni.us
https://geni.us/D9JgZaO,geni.us
https://geni.us/HZfHWGr,geni.us
https://geni.us/PGwErb,geni.us
https://geni.us/2uUG9Nt,geni.us
https://geni.us/yDDH30,geni.us
https://geni.us/X8WQjny,geni.us
https://geni.us/mhzyop,geni.us
https://geni.us/Y9PEPE,geni.us
https://geni.us/QvRTtZ,geni.us
https://bit.ly/3h2QOcU,bit.ly
https://geni.us/is8oH,geni.us
https://geni.us/Qn1u,geni.us
https://geni.us/uodhGEi,geni.us
https://geni.us/BCA4j0V,geni.us
https://geni.us/5egZXBS,geni.us
https://geni.us/O2MQ,geni.us
https://geni.us/8rtC5O,geni.us
https://geni.us/JbPJfdB,geni.us
https://geni.us/e5RaAL,geni.us
https://geni.us/3tzgB,geni.us
https://geni.us/r5dGBP,geni.us
https://geni.us/Rev5T,geni.us
https://geni.us/x4vP6y,geni.us
https://geni.us/MGtG,geni.us
https://geni.us/jC5AM,geni.us
https://geni.us/5Kksf,geni.us
https://geni.us/i7CaK,geni.us
https://geni.us/FIy2FAG,geni.us
https://geni.us/wMYl3,geni.us
https://geni.us/9EB08ZL,geni.us
https://geni.us/Z6MSBQ,geni.us
https://geni.us/vkwoYz,geni.us
https://geni.us/KHRv,geni.us
https://geni.us/lUJQkw,geni.us
https://geni.us/Xq8Wml,geni.us
https://geni.us/g0TB897,geni.us
https://geni.us/hwBanU,geni.us
https://geni.us/Wd9kgy,geni.us
https://geni.us/Sfrb74A,geni.us
https://geni.us/By8Ozxa,geni.us
https://geni.us/1R8CaHV,geni.us
https://geni.us/jy0O,geni.us
https://geni.us/CfrdBBG,geni.us
https://geni.us/6Sqr,geni.us
https://geni.us/dfe2bP,geni.us
https://geni.us/WUk8yK,geni.us
https://geni.us/amZW,geni.us
https://geni.us/RxGt5U1,geni.us
https://geni.us/aWgapr,geni.us
https://geni.us/89bsS,geni.us
https://geni.us/481rHfk,geni.us
https://geni.us/ZHeqr,geni.us
https://geni.us/yKEUP,geni.us
https://geni.us/0q1XlkV,geni.us
https://geni.us/ZcOpRPv,geni.us
https://geni.us/kLJR0rF,geni.us
https://geni.us/hUIf6F,geni.us
https://geni.us/8zniCO,geni.us
https://geni.us/QRoXkFy,geni.us
https://geni.us/IhYy,geni.us
https://geni.us/JCSeakf,geni.us
https://geni.us/M784oXs,geni.us
https://geni.us/BU39FoG,geni.us
https://geni.us/cbq0,geni.us
https://geni.us/EmlO,geni.us
https://geni.us/v57f,geni.us
https://geni.us/bLO1,geni.us
https://geni.us/Yepfe,geni.us
https://geni.us/t4q52B,geni.us
https://geni.us/nEie,geni.us
https://geni.us/HUFn7x,geni.us
https://geni.us/bcwh0gv,geni.us
https://geni.us/Ph8zgJh,geni.us
https://geni.us/AABYh,geni.us
https://geni.us/hsTnV,geni.us
https://geni.us/voUtybh,geni.us
https://geni.us/nBkX,geni.us
https://geni.us/5aws,geni.us
https://geni.us/BWrJHks,geni.us
https://geni.us/VOJK,geni.us
https://geni.us/bA8TJl,geni.us
https://geni.us/v1noPs,geni.us
https://geni.us/1REDO6V,geni.us
https://geni.us/rdfC,geni.us
https://geni.us/Ea5AZN,geni.us
https://geni.us/OZoP,geni.us
https://geni.us/z8LDg,geni.us
https://geni.us/qemm,geni.us
https://geni.us/Z7yhM,geni.us
https://geni.us/Xy9Hk,geni.us
https://geni.us/3dDBf9,geni.us
https://geni.us/AoZB,geni.us
https://geni.us/lhKRh8A,geni.us
https://geni.us/UTrZXuV,geni.us
https://geni.us/rlTS,geni.us
https://geni.us/LcuyW8K,geni.us
https://geni.us/12JLcT,geni.us
https://geni.us/YDbvj,geni.us
https://www.japantrendshop.com/dancing-face-stand-for-iphone-p-1945.html,japantrendshop.com
https://geni.us/N59CMz,geni.us
https://geni.us/dfyPte6,geni.us
https://geni.us/sad4Dw,geni.us
https://geni.us/WAk1t20,geni.us
https://geni.us/446ZhG2,geni.us
https://geni.us/vNaDkJ,geni.us
https://geni.us/yBjbzo,geni.us
https://geni.us/Wpx9d2,geni.us
https://geni.us/IJSXx,geni.us
https://geni.us/sep6GQj,geni.us
https://geni.us/hDWVIcA,geni.us
https://geni.us/3skh8,geni.us
https://geni.us/AXBC2nF,geni.us
https://geni.us/biBG,geni.us
https://geni.us/AioqJ,geni.us
https://geni.us/9BNINM,geni.us
https://geni.us/H4l0b,geni.us
https://geni.us/AtUQp,geni.us
https://geni.us/EQIb,geni.us
https://geni.us/3DNIl3z,geni.us
https://geni.us/MTFalAA,geni.us
https://geni.us/NaZ4B,geni.us
https://geni.us/5yxz,geni.us
https://geni.us/fB2r8p,geni.us
https://geni.us/ollJ0,geni.us
https://geni.us/1amZqu,geni.us
https://geni.us/eeOWAsB,geni.us
https://geni.us/EuHqv,geni.us
https://geni.us/rFgyPBh,geni.us
https://geni.us/wPyxHF,geni.us
https://geni.us/buTblbD,geni.us
https://geni.us/78BKTd,geni.us
https://geni.us/h9FPg,geni.us
https://geni.us/YrgPSH,geni.us
https://geni.us/Pxoo0,geni.us
https://geni.us/tO2OK,geni.us
https://geni.us/OUPbBXb,geni.us
https://geni.us/gGpQ3t,geni.us
https://geni.us/uU0WsMK,geni.us
https://geni.us/mBYN,geni.us
https://geni.us/Jbrn,geni.us
https://geni.us/MihhPM,geni.us
https://geni.us/w70nVlL,geni.us
https://geni.us/UhnqS0,geni.us
https://geni.us/eXKG,geni.us
https://geni.us/ogVla,geni.us
https://geni.us/1KrR9,geni.us
https://geni.us/ZUMpGN,geni.us
https://geni.us/hiwS6Pd,geni.us
https://geni.us/zWLY8,geni.us
https://geni.us/LMceKb,geni.us
https://geni.us/RYV3b,geni.us
https://geni.us/B4jArX,geni.us
https://geni.us/HYtLZ,geni.us
https://geni.us/sdCxIA,geni.us
https://geni.us/093vgn5,geni.us
https://geni.us/MboIor5,geni.us
https://geni.us/tlcmJ,geni.us
https://geni.us/BJIn,geni.us
https://geni.us/wLEFe,geni.us
https://geni.us/tIr6A,geni.us
https://makezine.com/2008/05/11/step-inside-the-plasma-mu/,makezine.com
https://geni.us/KNRzgiq,geni.us
https://geni.us/37f6o9O,geni.us
https://geni.us/J95i0co,geni.us
https://geni.us/jDTJ7,geni.us
https://geni.us/Pe8Za,geni.us
https://geni.us/ic2p,geni.us
https://geni.us/hoC9,geni.us
https://geni.us/SnlU,geni.us
https://geni.us/QB7JiD,geni.us
https://geni.us/BFuCn5,geni.us
https://geni.us/wBlCBBD,geni.us
https://geni.us/kElRKH,geni.us
https://geni.us/D6Rg6,geni.us
https://geni.us/BICHGB,geni.us
https://geni.us/1ALM9JI,geni.us
https://geni.us/cgg0K1p,geni.us
https://geni.us/vcCf,geni.us
https://geni.us/idcumi,geni.us
https://geni.us/ycuJZS,geni.us
https://geni.us/QoMUl5n,geni.us
https://geni.us/xXlfi,geni.us
https://geni.us/HSFlAQ,geni.us
https://geni.us/yK1z,geni.us
https://geni.us/IuTA,geni.us
https://geni.us/GN39K,geni.us
https://geni.us/9J1O,geni.us
https://geni.us/EmTKM,geni.us
https://geni.us/jMIsT6T,geni.us
https://geni.us/5xeqy,geni.us
https://geni.us/R18ugy,geni.us
https://geni.us/1Rfsgx,geni.us
https://geni.us/gHtCG0u,geni.us
https://geni.us/Z7gf,geni.us
https://www.greatbigstuff.com/products/guitar,greatbigstuff.com
https://geni.us/7ze8,geni.us
https://geni.us/kXNR6C,geni.us
https://geni.us/LRJZJt,geni.us
https://geni.us/Id6K,geni.us
https://geni.us/0m8xmR3,geni.us
https://geni.us/OWi20,geni.us
https://geni.us/d2JSEd,geni.us
https://geni.us/aBC6Mv,geni.us
https://geni.us/lSEge,geni.us
https://geni.us/zyEtW,geni.us
https://geni.us/EHpgC1,geni.us
https://geni.us/yfV1,geni.us
https://geni.us/qtM5,geni.us
https://geni.us/VD4Z,geni.us
https://geni.us/ZXxIc,geni.us
https://geni.us/82aAQ8,geni.us
https://geni.us/GRf9bhi,geni.us
https://geni.us/kYzSD,geni.us
https://geni.us/pKnW,geni.us
https://geni.us/AaoG,geni.us
https://geni.us/LKGEF,geni.us
https://geni.us/inAM,geni.us
https://geni.us/acTm,geni.us
https://geni.us/yZBe1d,geni.us
https://geni.us/eqAltY,geni.us
https://geni.us/ZnUU,geni.us
https://geni.us/Nb613m,geni.us
https://geni.us/6e7Ea,geni.us
https://geni.us/yEk6,geni.us
https://geni.us/qXGvh,geni.us
https://geni.us/R8LGWlW,geni.us
https://geni.us/xkZVik,geni.us
https://geni.us/tD5kL,geni.us
https://geni.us/hjeD3,geni.us
https://geni.us/rieW,geni.us
https://geni.us/v0SZVrz,geni.us
https://geni.us/PSqZyW,geni.us
https://geni.us/HKwce,geni.us
https://geni.us/fDzR,geni.us
https://geni.us/tSPf,geni.us
https://geni.us/Y15Ha,geni.us
https://geni.us/ogjQFU,geni.us
https://geni.us/ZXO0S,geni.us
https://geni.us/nPq9e1,geni.us
https://geni.us/3BgobsE,geni.us
https://geni.us/C0xCQb,geni.us
https://www.wayfair.com/lighting/pdp/pablo-designs-clamp-freestanding-265-desk-lamp-xpd1044.html,wayfair.com
https://geni.us/Rt1dP,geni.us
https://geni.us/AmzzRI6,geni.us
https://geni.us/66PfC,geni.us
https://geni.us/Dk7P6of,geni.us
https://geni.us/HT9NF27,geni.us
https://geni.us/uPnqd,geni.us
https://geni.us/NZ26RB,geni.us
https://geni.us/TCIr4j,geni.us
https://geni.us/Bcdv7h,geni.us
https://geni.us/CsiN7bz,geni.us
https://geni.us/uAhS0G,geni.us
https://geni.us/KYH7,geni.us
https://geni.us/FjkNU65,geni.us
https://geni.us/d9chdh,geni.us
https://geni.us/aeQAa,geni.us
https://geni.us/a4Mm,geni.us
https://geni.us/gO0N,geni.us
https://geni.us/Hjt1ZS,geni.us
https://geni.us/BTKr,geni.us
https://geni.us/s2TsAa2,geni.us
https://geni.us/VOm7,geni.us
https://geni.us/UwMX,geni.us
https://geni.us/4cAy,geni.us
https://geni.us/jAOsd,geni.us
https://www.getpcpanel.com/,getpcpanel.com
https://geni.us/W5E0aLl,geni.us
https://geni.us/DG3sDf,geni.us
https://geni.us/1bIKr,geni.us
https://geni.us/6J3x1eW,geni.us
https://geni.us/mpTtoV7,geni.us
https://geni.us/El3s7,geni.us
https://geni.us/5ErWXRB,geni.us
https://geni.us/1Ufe3s,geni.us
https://geni.us/YIou,geni.us
https://geni.us/TL645,geni.us
https://geni.us/8nIBtT,geni.us
https://www.aliexpress.com/item/1005001309068697.html?,aliexpress.com
https://geni.us/UAAFmQa,geni.us
https://dygma.com/products/dygma-raise,dygma.com
https://geni.us/G7w8XL,geni.us
https://geni.us/ZOoOtA,geni.us
https://www.cmodx.com/collections/unique-mods/products/hypersport,cmodx.com
https://geni.us/TYMmdq,geni.us
https://geni.us/R3p3j4,geni.us
https://geni.us/hAJPBT,geni.us
https://geni.us/WBLf,geni.us
https://yong.in-win.com/,in-win.com
https://timpelay.se/project/iris/,timpelay.se
https://geni.us/LDelJ,geni.us
https://geni.us/3ZltvzG,geni.us
https://geni.us/tDIreJ,geni.us
https://geni.us/BSDR,geni.us
https://geni.us/IKAF43c,geni.us
https://geni.us/5Y5E,geni.us
https://geni.us/g09a,geni.us
https://geni.us/nhyg,geni.us
https://geni.us/czMcwQ,geni.us
https://geni.us/0rCzdAg,geni.us
https://geni.us/lcZZBl,geni.us
https://geni.us/iamdCCE,geni.us
https://geni.us/pRFjcD,geni.us
https://geni.us/Si7vPz,geni.us
https://www.razer.com/concepts/razer-project-brooklyn,razer.com
https://geni.us/jElY,geni.us
https://geni.us/Vmfr,geni.us
https://geni.us/PNqX,geni.us
https://geni.us/RIGc,geni.us
https://geni.us/vLpwBqK,geni.us
https://geni.us/ZZedxb,geni.us
https://geni.us/eOHa,geni.us
https://geni.us/PL2N,geni.us
https://geni.us/qBq3,geni.us
https://geni.us/QBLKJ,geni.us
https://geni.us/QZIFRio,geni.us
https://geni.us/EhcuJH,geni.us
https://geni.us/pRZbPr,geni.us
https://geni.us/W2z0gBU,geni.us
https://geni.us/wLis,geni.us
https://geni.us/puIoAa,geni.us
https://geni.us/e4dLB,geni.us
https://geni.us/WubOuvV,geni.us
https://geni.us/9cNOpAn,geni.us
https://geni.us/lL4Bh,geni.us
https://geni.us/jMpRT0U,geni.us
https://geni.us/GYDaEx,geni.us
https://geni.us/Z6APY,geni.us
https://geni.us/OE48,geni.us
https://geni.us/8QlJ,geni.us
https://geni.us/eEB9BB,geni.us
https://geni.us/9PBO5O,geni.us
https://geni.us/xKRnoqw,geni.us
https://geni.us/TM6z1Rb,geni.us
https://geni.us/5p1ake,geni.us
https://geni.us/VtlYh,geni.us
https://geni.us/BGbfrep,geni.us
https://geni.us/Rt2Ru3,geni.us
https://geni.us/RkW2,geni.us
https://geni.us/NBfA,geni.us
https://geni.us/bB8MvD,geni.us
https://geni.us/0crCVU,geni.us
https://geni.us/rmCgr,geni.us
https://geni.us/pAW1,geni.us
https://geni.us/MAmJyiJ,geni.us
https://geni.us/Za9Pcb,geni.us
https://geni.us/HBn4t,geni.us
https://geni.us/PLnxWa,geni.us
https://geni.us/URDN8B,geni.us
https://geni.us/AMFEQ,geni.us
https://geni.us/0vM5g,geni.us
https://geni.us/Qg7bRqY,geni.us
https://geni.us/Tu000,geni.us
https://geni.us/SRmw7,geni.us
https://geni.us/LHsf,geni.us
https://geni.us/bV8D1Nd,geni.us
https://geni.us/tgQNaq,geni.us
https://geni.us/Dpoh15B,geni.us
https://geni.us/Ay99ush,geni.us
https://geni.us/ArgAA,geni.us
https://geni.us/6BqAXO,geni.us
https://geni.us/Ybn69,geni.us
https://geni.us/ozNl,geni.us
https://geni.us/iB5JMP,geni.us
https://geni.us/03gmhm,geni.us
https://geni.us/aBHAb,geni.us
https://geni.us/GkYJcU,geni.us
https://geni.us/lU2pJE,geni.us
https://geni.us/Ygks14,geni.us
https://geni.us/hEwo,geni.us
https://geni.us/MQ37fOz,geni.us
https://geni.us/ExopJ2q,geni.us
https://geni.us/kmjt0GC,geni.us
https://geni.us/POveZ68,geni.us
https://geni.us/BczAleV,geni.us
https://geni.us/Yuo0TV,geni.us
https://geni.us/bcUlFjA,geni.us
https://bit.ly/3r8lg92,bit.ly
https://geni.us/dw3TGC5,geni.us
https://geni.us/zIAoJ,geni.us
https://geni.us/ktbLoj2,geni.us
https://geni.us/kogY,geni.us
https://geni.us/Gpz5qc,geni.us
https://geni.us/tfAX,geni.us
https://geni.us/UZHAEec,geni.us
https://geni.us/G3JKo,geni.us
https://geni.us/3OwcDA,geni.us
https://geni.us/Zlf0N,geni.us
https://geni.us/MXKGU,geni.us
https://geni.us/BbsCPAV,geni.us
https://geni.us/K8J1,geni.us
https://geni.us/F4h63,geni.us
https://geni.us/wntff,geni.us
https://geni.us/qAxB,geni.us
https://geni.us/jXe18Pt,geni.us
https://geni.us/BUhK,geni.us
https://geni.us/Cjgx,geni.us
https://geni.us/obsg,geni.us
https://geni.us/NkkCl,geni.us
https://geni.us/sed95LR,geni.us
https://geni.us/Bcwj,geni.us
https://geni.us/xByst86,geni.us
https://geni.us/XApmvy,geni.us
https://geni.us/Rn2sTj,geni.us
https://geni.us/EfnAq,geni.us
https://geni.us/fXqK3QD,geni.us
https://geni.us/iylcR,geni.us
https://geni.us/AUHl,geni.us
https://geni.us/ey02h,geni.us
https://geni.us/juLRG,geni.us
https://geni.us/JRZBYM,geni.us
https://geni.us/jViL,geni.us
https://geni.us/k3f7z,geni.us
https://geni.us/XTeJ5,geni.us
https://geni.us/ArsPG,geni.us
https://geni.us/WG8ox4B,geni.us
https://geni.us/tl60kv,geni.us
https://geni.us/LYOuyu2,geni.us
https://geni.us/2tU4y5V,geni.us
https://geni.us/AeFKZm,geni.us
https://geni.us/wmYhK2J,geni.us
https://geni.us/Uec0Ry,geni.us
https://geni.us/wP3niW,geni.us
https://geni.us/Um7nvud,geni.us
https://geni.us/tB119T,geni.us
https://geni.us/hd3GFwB,geni.us
https://geni.us/hWLQhzP,geni.us
https://geni.us/qg62Kay,geni.us
https://geni.us/Ju1MRh,geni.us
https://geni.us/AnEKRN,geni.us
https://geni.us/e6O3,geni.us
https://geni.us/LhVaa,geni.us
https://geni.us/KAkfZX,geni.us
https://geni.us/ijTjQR,geni.us
https://geni.us/TeklMlj,geni.us
https://geni.us/wpA8,geni.us
https://geni.us/yzelnW,geni.us
https://geni.us/XEsj8Q,geni.us
https://geni.us/AKEAr,geni.us
https://geni.us/BAGa,geni.us
https://geni.us/4w5Bz6,geni.us
https://geni.us/LLD4,geni.us
https://geni.us/I9id9MP,geni.us
https://geni.us/wbMmXuE,geni.us
https://geni.us/LIh0,geni.us
https://geni.us/KuRMhE,geni.us
https://geni.us/a83lwB,geni.us
https://geni.us/Vozgr,geni.us
https://geni.us/qytDclC,geni.us
https://geni.us/Mw0AO,geni.us
https://geni.us/Rl8Fm,geni.us
https://geni.us/f08NPPN,geni.us
https://geni.us/AmCvAi5,geni.us
https://geni.us/nWmEwwY,geni.us
https://geni.us/6gDX9,geni.us
https://geni.us/BDdsiZ3,geni.us
https://geni.us/wRgio46,geni.us
https://geni.us/wUQp,geni.us
https://geni.us/EJ2uX9G,geni.us
https://geni.us/ZWlY,geni.us
https://geni.us/YBEPdRz,geni.us
https://geni.us/zODnig,geni.us
https://geni.us/BhqX4r,geni.us
https://geni.us/jVsNJP,geni.us
https://geni.us/SG6cx6f,geni.us
https://geni.us/Ac0ol,geni.us
https://geni.us/WTQAk,geni.us
https://geni.us/YNkaxq,geni.us
https://geni.us/S9YYs,geni.us
https://geni.us/sjH8,geni.us
https://geni.us/E2949,geni.us
https://geni.us/i2P6,geni.us
https://geni.us/tKn3cC,geni.us
https://geni.us/aA0gh,geni.us
https://geni.us/ZSUB,geni.us
https://geni.us/Ly6Ve,geni.us
https://geni.us/1n6y0h,geni.us
https://geni.us/lCIcp2c,geni.us
https://geni.us/JphNAsq,geni.us
https://geni.us/66asNxM,geni.us
https://geni.us/dB1YWD,geni.us
https://geni.us/oX3p,geni.us
https://geni.us/pRo401,geni.us
https://geni.us/oGG7wo,geni.us
https://geni.us/hoR0ld,geni.us
https://geni.us/HF9of,geni.us
https://geni.us/Jk9TrG,geni.us
https://geni.us/E3pFU,geni.us
https://geni.us/eRUaqb,geni.us
https://geni.us/E7GADHw,geni.us
https://geni.us/KlqR,geni.us
https://geni.us/DNhz67,geni.us
https://geni.us/1YoOh,geni.us
https://geni.us/7ZQEz,geni.us
https://geni.us/zYy84qP,geni.us
https://geni.us/uUWm,geni.us
https://geni.us/svkNpEZ,geni.us
https://geni.us/BN3q,geni.us
https://geni.us/GhcsFg,geni.us
https://geni.us/MHG11,geni.us
https://geni.us/8IbI5V,geni.us
https://geni.us/8Wwh9,geni.us
https://geni.us/0xpLM,geni.us
https://geni.us/ToAPrvH,geni.us
https://geni.us/AbFV2JR,geni.us
https://geni.us/AjSx8,geni.us
https://geni.us/ZBQb,geni.us
https://geni.us/O2MWXb,geni.us
https://geni.us/SKuN,geni.us
https://geni.us/Bmth,geni.us
https://geni.us/oxzt,geni.us
https://geni.us/eShibf,geni.us
https://geni.us/CouD,geni.us
https://geni.us/BWq8t,geni.us
https://geni.us/kAsgiAE,geni.us
https://geni.us/3xrus,geni.us
https://geni.us/0inF,geni.us
https://geni.us/Ziy3Oz,geni.us
https://geni.us/hhitBP,geni.us
https://geni.us/OwpCsKT,geni.us
https://geni.us/HYQthB,geni.us
https://geni.us/mOszbi9,geni.us
https://geni.us/XW9pT6,geni.us
https://geni.us/2YeGD,geni.us
https://geni.us/WmwkpB,geni.us
https://geni.us/VeTzFTJ,geni.us
https://geni.us/B95gi,geni.us
https://geni.us/Sx2sW,geni.us
https://geni.us/9J6Lm,geni.us
https://geni.us/JBARM,geni.us
https://geni.us/rtx0U0,geni.us
https://geni.us/7Va4u,geni.us
https://geni.us/falDrB,geni.us
https://geni.us/aBUmIf,geni.us
https://geni.us/B1VxUPz,geni.us
https://geni.us/dYSmaBB,geni.us
https://geni.us/Bb0t,geni.us
https://geni.us/iKtB,geni.us
https://geni.us/9Q9i,geni.us
https://geni.us/dFvo,geni.us
https://geni.us/GpGDMdm,geni.us
https://geni.us/II2he,geni.us
https://geni.us/J3DrgA,geni.us
https://geni.us/gE54P,geni.us
https://geni.us/Ye2ZM8c,geni.us
https://geni.us/4R0ihE,geni.us
https://geni.us/KOVvT,geni.us
https://geni.us/yT8B2Yf,geni.us
https://geni.us/HIoMo,geni.us
https://geni.us/9hasQ,geni.us
https://geni.us/hd0x,geni.us
https://geni.us/4yInyAU,geni.us
https://geni.us/Nwkdc,geni.us
https://geni.us/28GlE,geni.us
https://geni.us/X79JpKK,geni.us
https://geni.us/hSUwt,geni.us
https://geni.us/3n06ZqJ,geni.us
https://geni.us/Yyw5M6J,geni.us
https://geni.us/Nsf0jf,geni.us
https://geni.us/dNZQTG,geni.us
https://geni.us/caRs9Iv,geni.us
https://geni.us/I9rVK,geni.us
https://geni.us/KvW2Bfp,geni.us
https://geni.us/b46J0VB,geni.us
https://geni.us/ymK0wB,geni.us
https://geni.us/Lj2X30,geni.us
https://geni.us/5rCf,geni.us
https://geni.us/BAVjFiz,geni.us
https://geni.us/2DAqh,geni.us
https://geni.us/LcocD,geni.us
https://geni.us/TvWg2w,geni.us
https://geni.us/BciUOoq,geni.us
https://geni.us/hEiyz,geni.us
https://geni.us/6omUCG8,geni.us
https://geni.us/7upf,geni.us
https://geni.us/yD4EuiV,geni.us
https://geni.us/8uKBCXy,geni.us
https://geni.us/X3Qmr2B,geni.us
https://geni.us/iECWsd8,geni.us
https://geni.us/bRFY,geni.us
https://geni.us/vAoA7,geni.us
https://geni.us/l7PWyN,geni.us
https://geni.us/KQe1,geni.us
https://geni.us/kaAQD,geni.us
https://geni.us/xMTqMYr,geni.us
https://geni.us/tq6eO,geni.us
https://geni.us/x8Hu,geni.us
https://geni.us/9kBnx,geni.us
https://geni.us/fYooCs,geni.us
https://geni.us/ImCy,geni.us
https://geni.us/PphaCA,geni.us
https://geni.us/kpTm,geni.us
https://geni.us/pS6l,geni.us
https://geni.us/BX8cI,geni.us
https://geni.us/T2QezWJ,geni.us
https://geni.us/hjQ6tei,geni.us
https://geni.us/NnpGM,geni.us
https://geni.us/DEjHV,geni.us
https://geni.us/OfFCT5,geni.us
https://geni.us/Chsm,geni.us
https://geni.us/25nRAo,geni.us
https://www.elgato.com/en/green-screen-mouse-mat,elgato.com
https://geni.us/89ienKm,geni.us
https://geni.us/eJN0ZH,geni.us
https://geni.us/QLmx0,geni.us
https://geni.us/hcfA,geni.us
https://geni.us/JeGQ4,geni.us
https://geni.us/xFbFhqS,geni.us
https://geni.us/KAik,geni.us
https://geni.us/inUFyA,geni.us
https://geni.us/vBXdw8,geni.us
https://geni.us/PsWy,geni.us
https://geni.us/SiggKD,geni.us
https://geni.us/YObu,geni.us
https://geni.us/vi2DF,geni.us
https://geni.us/vnClfB,geni.us
https://geni.us/lI8rV,geni.us
https://geni.us/6NEH,geni.us
https://geni.us/fJOUs,geni.us
https://geni.us/C7GE,geni.us
https://geni.us/1iuEX,geni.us
https://geni.us/2aOZA,geni.us
https://geni.us/3pEXE,geni.us
https://geni.us/aFu3hYo,geni.us
https://geni.us/5zikw,geni.us
https://geni.us/SgEDIw,geni.us
https://geni.us/lqYDQ,geni.us
https://geni.us/55hi4b,geni.us
https://geni.us/iKAHm,geni.us
https://geni.us/86sfa,geni.us
https://geni.us/BhFvG5t,geni.us
https://geni.us/rRxIY2B,geni.us
https://geni.us/5lKL,geni.us
https://geni.us/vfnQE,geni.us
https://geni.us/Bj9AT,geni.us
https://geni.us/OBruYg8,geni.us
https://geni.us/jBWxw,geni.us
https://geni.us/VFFzDcC,geni.us
https://geni.us/N1YW,geni.us
https://geni.us/6nXnZ,geni.us
https://geni.us/Z4Ds,geni.us
https://geni.us/AzN05m,geni.us
https://geni.us/yyOsf,geni.us
https://geni.us/Vmvopsi,geni.us
https://geni.us/CXwABX,geni.us
https://smartwheelusa.com/,smartwheelusa.com
https://geni.us/B9ks8E,geni.us
https://geni.us/uMFSvY,geni.us
https://geni.us/uJcVg,geni.us
https://www.kyocera-sldlaser.com/bright-solutions/automotive,kyocera-sldlaser.com
https://geni.us/4Whi8,geni.us
https://geni.us/TUvr,geni.us
https://geni.us/NIast,geni.us
https://geni.us/anwAK,geni.us
https://geni.us/aF3Bv,geni.us
https://geni.us/1wjhi,geni.us
https://geni.us/v7q6,geni.us
https://geni.us/PFN5G,geni.us
https://geni.us/Bp8h,geni.us
https://geni.us/tx2Wwy,geni.us
https://geni.us/3rKlJ,geni.us
https://geni.us/zZMB,geni.us
https://geni.us/IAkJA2,geni.us
https://geni.us/WTe0NwB,geni.us
https://geni.us/3OoLf,geni.us
https://geni.us/YBPipAi,geni.us
https://geni.us/aT4Dha0,geni.us
https://geni.us/6Pi9kUN,geni.us
https://geni.us/EhPYl,geni.us
https://geni.us/aYoyL,geni.us
https://geni.us/6vDgs4c,geni.us
https://geni.us/7ABov,geni.us
https://geni.us/EHA45,geni.us
https://geni.us/lUl2124,geni.us
https://geni.us/wyfFT,geni.us
https://geni.us/pzhlQ,geni.us
https://geni.us/IHa2F4,geni.us
https://geni.us/KUb8,geni.us
https://geni.us/6Sk8K,geni.us
https://geni.us/yKBpf,geni.us
https://geni.us/JXIkz,geni.us
https://geni.us/kXMD,geni.us
https://geni.us/X9zT3,geni.us
https://geni.us/KT6B7i,geni.us
https://geni.us/w7Jtoc,geni.us
https://geni.us/g9xX3n,geni.us
https://geni.us/Fi75z,geni.us
https://geni.us/n1ds9,geni.us
https://geni.us/vLYwWFo,geni.us
https://geni.us/q0DZ,geni.us
https://geni.us/oJuU,geni.us
https://geni.us/ewWV,geni.us
https://geni.us/ZHVd1,geni.us
https://geni.us/qjjm,geni.us
https://geni.us/N5hE3C,geni.us
https://geni.us/gXWQQ8,geni.us
https://geni.us/EWtMWXA,geni.us
https://geni.us/mcBYF,geni.us
https://geni.us/B8QXk,geni.us
https://geni.us/nplT9A4,geni.us
https://geni.us/wr0kKBx,geni.us
https://geni.us/EVgFV,geni.us
https://geni.us/G6SwU,geni.us
https://geni.us/zc6gs5n,geni.us
https://geni.us/zXrsTA,geni.us
https://geni.us/hOAzH3P,geni.us
https://geni.us/rlqCvwe,geni.us
https://geni.us/tuZbb9,geni.us
https://geni.us/f6SFBPt,geni.us
https://geni.us/PA90m,geni.us
https://geni.us/9JiQ,geni.us
https://geni.us/WRkUXbz,geni.us
https://geni.us/BGZd,geni.us
https://geni.us/HlfCRT,geni.us
https://geni.us/56hqoAX,geni.us
https://geni.us/frEQ,geni.us
https://geni.us/4dcV,geni.us
https://geni.us/RrlBO3,geni.us
https://geni.us/77ZRW,geni.us
https://geni.us/gZLKB,geni.us
https://geni.us/JALFW,geni.us
https://geni.us/ijDXB1,geni.us
https://geni.us/naVY,geni.us
https://geni.us/i1JmpXn,geni.us
https://geni.us/u8hl5T,geni.us
https://geni.us/SySU,geni.us
https://geni.us/EN6Dk1,geni.us
https://geni.us/BSTB,geni.us
https://geni.us/ypRcc,geni.us
https://geni.us/dYcjlhC,geni.us
https://geni.us/RnMZJf3,geni.us
https://www.nzxt.com/products/puck-black,nzxt.com
https://geni.us/GN49,geni.us
https://geni.us/22FWo,geni.us
https://geni.us/cUk3q,geni.us
https://geni.us/AE5TC,geni.us
https://geni.us/M96j,geni.us
https://geni.us/TmpgZ,geni.us
https://geni.us/eiDcE,geni.us
https://geni.us/Ece9Bwt,geni.us
https://geni.us/VOLq,geni.us
https://geni.us/3O5mu,geni.us
https://geni.us/Fk4RfS,geni.us
https://www.3dbroadcastsales.com/loupedeck-ct-custom-editing-console-for-photo-video-music-and-design-ldd-1903,3dbroadcastsales.com
https://geni.us/FQyr5J,geni.us
https://geni.us/ulRxHJG,geni.us
https://geni.us/6GU8GJt,geni.us
https://geni.us/EGLiGR,geni.us
https://geni.us/bODK4HW,geni.us
https://geni.us/pZ0w,geni.us
https://geni.us/lIUlSf,geni.us
https://geni.us/FJo2ec,geni.us
https://geni.us/pxXO7,geni.us
https://geni.us/EvapOI,geni.us
https://geni.us/0KL0SW0,geni.us
https://geni.us/ZQouA,geni.us
https://geni.us/OOCK,geni.us
https://geni.us/pHfTx,geni.us
https://geni.us/OvE17It,geni.us
https://geni.us/vbvmt,geni.us
https://geni.us/6CGKvF,geni.us
https://geni.us/OttnS,geni.us
https://geni.us/u05HCA,geni.us
https://geni.us/BttLJK4,geni.us
https://geni.us/C8Za5,geni.us
https://geni.us/iT1ChoH,geni.us
https://geni.us/1elV5y,geni.us
https://geni.us/5KJIM,geni.us
https://geni.us/txRq,geni.us
https://geni.us/JeB6CJ,geni.us
https://geni.us/rT58MO,geni.us
https://geni.us/FE0A0KA,geni.us
https://geni.us/mabG,geni.us
https://www.aliexpress.com/item/32847239251.html,aliexpress.com
https://geni.us/fnRubR,geni.us
https://geni.us/oa4TMaN,geni.us
https://geni.us/XFNC,geni.us
https://geni.us/tdyeg5o,geni.us
https://geni.us/GCwb,geni.us
https://geni.us/Un3h,geni.us
https://geni.us/Ow91b1,geni.us
https://geni.us/LzRkm,geni.us
https://geni.us/1G8veUv,geni.us
https://geni.us/2fZUq2v,geni.us
https://geni.us/4r0A8Qe,geni.us
https://geni.us/m2Lop,geni.us
https://geni.us/3bSNo1e,geni.us
https://geni.us/US0fQ4,geni.us
https://geni.us/BEX1kh,geni.us
https://geni.us/3x8BF,geni.us
https://geni.us/JfQJ,geni.us
https://geni.us/DsRbSM,geni.us
https://geni.us/Z4gLb,geni.us
https://geni.us/Rz2A,geni.us
https://geni.us/M68Ww,geni.us
https://geni.us/OUoO,geni.us
https://geni.us/jobe,geni.us
https://geni.us/p1ku,geni.us
https://geni.us/3wRwxZ,geni.us
https://geni.us/ESi3,geni.us
https://geni.us/S8J9aeO,geni.us
https://geni.us/XCSlC,geni.us
https://geni.us/SfjjYc,geni.us
https://geni.us/HA077,geni.us
https://geni.us/1mqruG,geni.us
https://geni.us/8mixEA1,geni.us
https://geni.us/ycp3Jv,geni.us
https://geni.us/wUm20,geni.us
https://geni.us/demAz,geni.us
https://geni.us/ojym,geni.us
https://geni.us/DaGRRY,geni.us
https://geni.us/UlzZ,geni.us
https://geni.us/RSpOtZ,geni.us
https://geni.us/wKtWs,geni.us
https://geni.us/uh7d,geni.us
https://geni.us/WxYl,geni.us
https://geni.us/3d7qiH4,geni.us
https://geni.us/qnNl,geni.us
https://geni.us/jddXA5w,geni.us
https://geni.us/dC35bB,geni.us
https://geni.us/GsnPhFw,geni.us
https://geni.us/B54NO,geni.us
https://geni.us/RCV1bJ,geni.us
https://geni.us/9iie4bZ,geni.us
https://geni.us/u4xoaE,geni.us
https://geni.us/PIcIhC,geni.us
https://geni.us/ZdXE,geni.us
https://geni.us/FOwt,geni.us
https://geni.us/wQasmbA,geni.us
https://geni.us/JLOF6,geni.us
https://geni.us/BjRa,geni.us
https://geni.us/Amauw,geni.us
https://geni.us/1NPAVJ,geni.us
https://geni.us/8Z2R,geni.us
https://geni.us/z9BVHzy,geni.us
https://geni.us/lYfq5qc,geni.us
https://geni.us/WlaK5HV,geni.us
https://geni.us/tFWzX,geni.us
https://geni.us/0aqmOBb,geni.us
https://geni.us/A3JP6Mg,geni.us
https://geni.us/Su8n,geni.us
https://geni.us/a7bLR,geni.us
https://geni.us/Pmpi08,geni.us
https://geni.us/pnB8vn,geni.us
https://geni.us/e9BAI3,geni.us
https://geni.us/I8uy,geni.us
https://geni.us/JcAX2V,geni.us
https://geni.us/D2SIm,geni.us
https://geni.us/NsoFOg,geni.us
https://www.etsy.com/listing/478295388/hedgehog-wire-holder-usb-cable-holder,etsy.com
https://geni.us/o7VZ7P,geni.us
https://geni.us/sMxH,geni.us
https://geni.us/2D2jMU,geni.us
https://geni.us/xDmkw,geni.us
https://geni.us/9BMZp,geni.us
https://geni.us/ZIbbZ7r,geni.us
https://geni.us/BGPQL,geni.us
https://geni.us/7pg8P4B,geni.us
https://liteboxer.com/products/liteboxer-bundle,liteboxer.com
https://geni.us/PfDB,geni.us
https://geni.us/5H4Z,geni.us
https://geni.us/xEdLJ,geni.us
https://geni.us/ZvpQ8D,geni.us
https://geni.us/9rPI4a,geni.us
https://geni.us/Ab1kXy,geni.us
https://geni.us/zDmWGRx,geni.us
https://geni.us/q0sv,geni.us
https://geni.us/gr77tB,geni.us
https://geni.us/Fgn0,geni.us
https://geni.us/tu9B,geni.us
https://geni.us/tuvbu,geni.us
https://geni.us/aHBcU,geni.us
https://geni.us/PD81Z,geni.us
https://geni.us/QuABSK,geni.us
https://geni.us/6TIK,geni.us
https://geni.us/nL9wRyA,geni.us
https://geni.us/ivwMi,geni.us
https://geni.us/qleAmvi,geni.us
https://geni.us/bqY5o,geni.us
https://geni.us/D2jIoR3,geni.us
https://geni.us/jKy3rLK,geni.us
https://geni.us/vA6pA,geni.us
https://geni.us/Yln1,geni.us
https://geni.us/Lf4q,geni.us
https://geni.us/ZZeC,geni.us
https://geni.us/OTnVCA9,geni.us
https://geni.us/feETI,geni.us
https://geni.us/pVyGHD,geni.us
https://geni.us/6clSBMS,geni.us
https://geni.us/xJm3,geni.us
https://geni.us/acl2HZ,geni.us
https://geni.us/vJdK,geni.us
https://geni.us/sq1z,geni.us
https://geni.us/8DJMLS,geni.us
https://geni.us/aybiWUr,geni.us
https://geni.us/h3UVrhP,geni.us
https://geni.us/drUf,geni.us
https://geni.us/BzpzxU2,geni.us
https://geni.us/iMzBpw,geni.us
https://geni.us/H8ilYVf,geni.us
https://geni.us/3BLCaA,geni.us
https://geni.us/DzuLr1,geni.us
https://geni.us/gTG5lCM,geni.us
https://geni.us/1Ea72x,geni.us
https://geni.us/hVBFJ,geni.us
https://geni.us/rYhgiXM,geni.us
https://geni.us/BkgDqH0,geni.us
https://geni.us/LpZ4,geni.us
https://geni.us/qq5E1bQ,geni.us
https://geni.us/lFQ7d,geni.us
https://geni.us/PR29m,geni.us
https://geni.us/1pNn6UF,geni.us
https://geni.us/ScC34,geni.us
https://geni.us/G3yvyGu,geni.us
https://geni.us/bx7AB,geni.us
https://geni.us/jga9WB,geni.us
https://geni.us/9z3xu,geni.us
https://geni.us/l7hQje,geni.us
https://geni.us/dosE,geni.us
https://geni.us/ez9q,geni.us
https://geni.us/4S6CkE,geni.us
https://geni.us/P0x1,geni.us
https://geni.us/iBgdAzi,geni.us
https://geni.us/MFHsh,geni.us
https://geni.us/CnBVl,geni.us
https://geni.us/6kAsJh,geni.us
https://geni.us/Aqhk,geni.us
https://geni.us/mNZeI,geni.us
https://geni.us/8Y8wXA6,geni.us
https://geni.us/TAnq,geni.us
https://geni.us/uJwSZA,geni.us
https://geni.us/AeEp,geni.us
https://geni.us/2fDleR,geni.us
https://geni.us/PT5D,geni.us
https://geni.us/lnHIyI,geni.us
https://geni.us/0cTw1Ay,geni.us
https://geni.us/hdS0,geni.us
https://geni.us/NCNA0R,geni.us
https://geni.us/ZGRhc,geni.us
https://geni.us/7Zr5fO,geni.us
https://geni.us/Wie4Z,geni.us
https://geni.us/VGqxO,geni.us
https://geni.us/dYADFq,geni.us
https://geni.us/5IjdTk,geni.us
https://geni.us/VSWhX,geni.us
https://geni.us/uTH4A,geni.us
https://geni.us/ftIL0,geni.us
https://geni.us/jdUkcyH,geni.us
https://geni.us/aKsh6,geni.us
https://geni.us/sEd3h9I,geni.us
https://geni.us/UwzUB,geni.us
https://geni.us/Hu69U4,geni.us
https://geni.us/R4vz8g,geni.us
https://geni.us/B6FB,geni.us
https://geni.us/2Z9sVBQ,geni.us
https://geni.us/N2JEwjZ,geni.us
https://geni.us/J6VLs,geni.us
https://bit.ly/3RfFEld,bit.ly
https://optilinklock.com/1150248,optilinklock.com
https://www.frustumvirtual.com/tutorials,frustumvirtual.com
https://amzn.to/3BPCGLl,amzn.to
https://www.etsy.com/uk/listing/845347088/quest-1-hk-p30-inspired-grip-right-hand?ref=search_recently_viewed-3,etsy.com
https://electric-scooter.guide/best-rated/best-longest-range-electric-scooters/#h-apollo-explore-swiss-army-knife-of-electric-scooters,electric-scooter.guide
https://www.reddit.com/r/oculus/comments/jadq06/oculus_quest_2_is_it_supposed_to_be_blurry/,reddit.com
https://freemotionshop.com/product/gotway-dten-electric-scooter/,freemotionshop.com
https://www.ebay.com/itm/274612199921,ebay.com
https://www.indiegogo.com/projects/rocket-ebike-self-charging-100-mile-range-ebike--2/x/24791762#/,indiegogo.com
https://amzn.to/33t4FSD,amzn.to
https://gift-feed.com/collections/new,gift-feed.com
https://www.gov.uk/government/publications/powered-transporters/information-sheet-guidance-on-powered-transporters,gov.uk
https://talenic.com/products/tn60-47-8-miles-long-range-electric-scooter-black,talenic.com
http://rover.ebay.com/rover/1/710-53481-19255-0/1?icep_ff3=2&pub=5575378759&campid=5338273189&customid=&icep_item=313256621145&ipn=psmain&icep_vectorid=229508&kwid=902099&mtid=824&kw=lg&toolid=11111,ebay.com
https://amzn.to/2GDkcXl,amzn.to
https://www.webbikeworld.com/author/mark/,webbikeworld.com
https://www.juicedbikes.com/products/hyperscrambler-2?variant=31955921502272,juicedbikes.com
https://cdn.shopify.com/s/files/1/1374/3231/files/Super73_Inc._-_Warranty_Policy_4821-4193-3979_4_NG.pdf?v=1585583195,shopify.com
https://cakekalk.com/,cakekalk.com
https://boostedusa.com/?aff=4,boostedusa.com
https://boostedusa.com/products/boosted-rev?aff=4,boostedusa.com
https://www.alibaba.com/product-detail/2020-New-Design-Lightest-Crownwheel-Q9_62314231409.html?spm=a2700.galleryofferlist.0.0.84552ad9bHsE5P,alibaba.com
https://igg.me/at/rideblacktea/x/24343490#/updates/all,igg.me
https://tovcollection.com/products/2in1-foldable-walkingpad-r1-pro,tovcollection.com
https://www.indiegogo.com/projects/blacktea-motorbikes-electric-adventure-moped/x/24298670#/,indiegogo.com
https://www.mi.com/global/mi-electric-scooter-Pro2/,mi.com
https://www.mi.com/global/mi-electric-scooter-1S/,mi.com
https://www.mi.com/global/mi-electric-scooter-essential/,mi.com
https://www.amazon.com/OUTSTORM-Electric-Distance-Portable-Foldable/dp/B08B5B4JJL,amazon.com
https://amzn.to/38mGvKP,amzn.to
https://partner.bol.com/click/click?p=2&t=url&s=1086799&f=TXL&url=https%3A%2F%2Fwww.bol.com%2Fbe%2Fp%2Felectric-scooter-ea-3-8-5-electrische-step-van-merk-hopper%2F9200000120223008%2F&name=Electric%20Scooter%20EA-3%208%2C5,bol.com
https://nova-treadmill.com/?,nova-treadmill.com
https://www.cpsc.gov/Recalls/2019/fluidfreeride-recalls-mercane-widewheel-electric-scooters-due-to-fall-and-injury,cpsc.gov
https://www.indiegogo.com/projects/inmotion-l9-cruise-in-style?secret_perk_token=b6a52fc1&fbclid=IwAR3pXIC4AKz4EMsKnn3IF5AKoM-0sDAcvfrKi-i9hfC6pQV0Tl-w4acaC6k#/comments,indiegogo.com
https://neoscooter.com/,neoscooter.com
https://www.indiegogo.com/projects/inmotion-l9-electric-scooter--2/coming_soon?status=confirmed,indiegogo.com
https://scootexpo.com/collections/buy-now/products/scootexpo-es4-kickscooter,scootexpo.com
https://sondors.wpengine.com/campaign-2020/,wpengine.com
https://amzn.to/2UhXZkV,amzn.to
https://www.gearbest.com/electric-scooters/pp_3001865845011209.html?wid=2000001&lkid=78692693,gearbest.com
https://www.swellnet.com/news/swellnet-dispatch/2019/12/28/pro-surfer-minces-fingers-in-motorised-foil-accident.,swellnet.com
https://shopilovo.com/the-best-electric-scooter-for-heavy-adults/,shopilovo.com
https://bestpro.us/products/eu-warehouse-adult-8-5-inch-folding-kick-scooter-electric-skateboard-8-5-foldable-electric-scooter-escooter-500w-moto-electrica,bestpro.us
https://www.reddit.com/r/personalmicromobility,reddit.com
https://www.talkable.com/x/0MgXWD,talkable.com
https://www.amazon.com/gp/product/B07SQYYHN2,amazon.com
https://personalelectrictransport.co.uk/,co.uk
https://rollerplausch.fandom.com/de/wiki/30kmh_Hack,fandom.com
https://mobilityseeker.com/best-electric-scooter-for-commuting-adults/,mobilityseeker.com
https://www.amazon.com/Goplus-Foldable-Electric-Scooter-Adjustable/dp/B07JKJ2RSM/ref=pd_sbs_468_18?_encoding=UTF8&pd_rd_i=B07JKJ2RSM&pd_rd_r=942ee873-9a64-11e9-80ed-5b1764340abc&pd_rd_w=Vcrq0&pd_rd_wg=sj6yX&pf_rd_p=588939de-d3f8-42f1-a3d8-d556eae5797d&pf_rd_r=DZDAJRF12MM637421K2D&psc=1&refRID=DZDAJRF12MM637421K2D,amazon.com
https://www.amazon.com/gp/product/B07SQ79PJ8/ref=ox_sc_act_title_1?smid=A12FB643WR7512&psc=1,amazon.com
https://www.amazon.com/AFSTAR-Electric-Mobility-Removable-Bluetooth/dp/B07KP9GZ97/ref=pd_sbs_468_2/137-9520148-8391008?_encoding=UTF8&pd_rd_i=B07KP9GZ97&pd_rd_r=942ee873-9a64-11e9-80ed-5b1764340abc&pd_rd_w=Vcrq0&pd_rd_wg=sj6yX&pf_rd_p=588939de-d3f8-42f1-a3d8-d556eae5797d&pf_rd_r=DZDAJRF12MM637421K2D&psc=1&refRID=DZDAJRF12MM637421K2D,amazon.com
https://igg.me/at/NinebotKickScooterMAX/x/19870078/,igg.me
https://igg.me/at/NinebotKickScooterMAX/x/18505701#/,igg.me
https://www.walmart.com/ip/Xiaomi-Mi-Electric-Scooter-18-6-Miles-Long-range-Battery-Up-to-15-5-MPH-Easy-Fold-n-Carry-Design-Ultra-Lightweight-Adult-Electric-Scooter/578513945?affillinktype=10&oid=223073.1&sourceid=12908220922424623617&u1=351d0bb88c5911e989070e2c2394bcf60INT&veh=aff&wmlspartner=lw9MynSeamY,walmart.com
https://igg.me/at/aktivo-scoot,igg.me
https://click.dji.com/AIYOHyiiTVExAw4OUb4s?pm=link,dji.com
"https://click.dji.com/AHo4WCndz6kbiy7TRgaG,cQ?pm=link",dji.com
https://click.dji.com/AGe9IILP_DsPJzzg1BIqYw?pm=link,dji.com
https://petition.parliament.uk/petitions/230348,parliament.uk
https://petition.parliament.uk/petitions/240691/sponsors/new?token=oTJjWB9yhDm5NVu9aKMh,parliament.uk
https://mundo365mi.blogspot.com/,blogspot.com
https://imgur.com/a/rQqMFek,imgur.com
https://ridejetson.com/collections/scooters/products/bio-folding-electric-scooter,ridejetson.com
http://bluescooters.mozello.com,mozello.com
https://forum.dji.com/thread-167044-1-1.html,dji.com
http://www.VeFoil.com,VeFoil.com
https://www.diy-electric-hydrofoil.com,diy-electric-hydrofoil.com
https://www.ebay.com/itm/392116580706,ebay.com
https://store.dji.com/product/spark-portable-charging-station,dji.com
https://click.dji.com/ABF0LpFLlSAEM9mjN0VR?pm=link,dji.com
http://click.dji.com/AIjhHy4NWYt6PoHqztSd?pm=link,dji.com
https://www.amazon.co.uk/gp/product/B077D57N8Q/ref=oh_aui_detailpage_o00_s00?ie=UTF8&psc=1,co.uk
https://www.amazon.com/Freewell-FW-LP-50C/dp/B07BMWZFTQ/ref=sr_1_3?ie=UTF8&qid=1526968120&sr=8-3&keywords=freewell+landing+pad,amazon.com
https://www.amazon.com/Spark-Drone-Carrying-Case-DOUBI/dp/B073RF595N/ref=sr_1_1_sspa?ie=UTF8&qid=1525549365&sr=8-1-spons&keywords=doubi+spark+case&psc=1,amazon.com
http://click.dji.com/AHqy_fXc_lt_cbGUaT0NVg?pm=link,dji.com
http://click.dji.com/AOqMIhLlWuTtE9dvMNav?pm=link,dji.com
http://click.dji.com/AES7sB4pXXcT39CjN0VR?pm=link,dji.com
http://click.dji.com/AJ3WnoE48Qk7znyymzt5?pm=link,dji.com
http://click.dji.com/ADYTIYbzmEuwBRV58g?pm=link,dji.com
http://bit.ly/2Ail7Us,bit.ly
http://bit.ly/2CjpC30,bit.ly
https://mrjscearce.wixsite.com/mysite,wixsite.com
http://bit.ly/2fpm6u9,bit.ly
https://goo.gl/66gMNX,goo.gl
https://www.amazon.co.uk/d/Cell-Phone-Portable-Power-Bank-Chargers/20000mAh-Lightning-Speakers-Cellphones-Micro-USB/B0183K0GZC/ref=as_li_ss_tl?ie=UTF8&qid=1497794139&sr=8-1&keywords=aukey+powerbank&linkCode=sl1&tag=cousbrad-21&linkId=0e8d93054cf7ef184262fcded3ebbf0f,co.uk
https://www.amazon.com/Anker-PowerCore-Qualcomm-Backwards-Compatible/dp/B01J5P98SK/ref=sr_1_1?ie=UTF8&qid=1498806345&sr=8-1&keywords=powercore+speed+20000,amazon.com
https://sipri.org/media/press-release/2022/global-nuclear-arsenals-are-expected-grow-states-continue-modernize-new-sipri-yearbook-out-now,sipri.org
https://www.kickstarter.com/projects/fadinginkfilm/fading-ink/description,kickstarter.com
https://masterpiecestudio.com/careers,masterpiecestudio.com
https://images6.fanpop.com/image/photos/44200000/Wanda-Maximoff-Doctor-Strange-in-the-Multiverse-of-Madness-wanda-maximoff-scarlet-witch-44297897-600-251.gif,fanpop.com
https://pmtechbd.blogspot.com/2022/04/elgato-key-light-mini-portable-led.html,blogspot.com
https://kamikazestuntfilms.com/?page_id=402,kamikazestuntfilms.com
https://octain.catalog.to,catalog.to
https://bit.ly/3xRuMlX,bit.ly
https://amzn.to/3LZ7pvu,amzn.to
https://bit.ly/3MpURNn,bit.ly
https://sleepyowl.co/,sleepyowl.co
https://bit.ly/3KSd5XB,bit.ly
https://bit.ly/3hHZIwa,bit.ly
https://amzn.to/3I1SsWP,amzn.to
https://amzn.to/3FodJsg,amzn.to
https://amzn.to/33hp8gf,amzn.to
https://www.shopper.com/p/7ZTg/r,shopper.com
https://bit.ly/3oKo7nV,bit.ly
https://cutt.ly/vEhqV3S,cutt.ly
https://cutt.ly/CEhq8gz,cutt.ly
https://bit.ly/3D46sNk,bit.ly
https://bit.ly/38HgrLr,bit.ly
https://bit.ly/3yGXQdZ,bit.ly
https://bit.ly/37CN8sQ,bit.ly
https://amzn.to/3iG0oTS,amzn.to
https://amzn.to/37DEryz,amzn.to
https://g.page/Saree-Wholesaler-in-Su...,g.page
https://github.com/JPersson77/LGTVCompanion,github.com
https://patchfind.com/clamxav-crack/,patchfind.com
https://patchfind.com/displayfusion-crack/,patchfind.com
http://www.walmart.com/ip/Drafting-Chair-Adjustable-Height-Office-Chair-Ergonomic-Swivel-Mesh-Office-Chair-Black-Aluminum-Alloy-Feet/317471741,walmart.com
https://www.amazon.com/gp/product/B09J8MVJ7L/ref=ppx_yo_dt_b_asin_title_o00_s00?ie=UTF8&psc=1,amazon.com
https://crackglobal.com/screenfloat-crack/,crackglobal.com
https://getpcrack.com/displayfusion-crack/,getpcrack.com
https://prosvst.com/display-fusion-crack/,prosvst.com
https://crackspromax.com/,crackspromax.com
https://crackspromax.com/displayfusion-crack/,crackspromax.com
https://justcrackpc.com/,justcrackpc.com
https://justcrackpc.com/displayfusion-crack/,justcrackpc.com
https://www.neomounts.com/home-office-solutions/monitor-desk-mounts/nm-d775blackplus-neomounts-by-newstar-select-monitor-desk-mount/,neomounts.com
https://www.amazon.com/dp/B09BDKZFMS,amazon.com
https://www.ikariadesign.com/.,ikariadesign.com
https://amzn.to/3wBYMP2,amzn.to
https://www.amazon.com/HUANUO-Single-Monitor-Mount-Stand/dp/B08CXG57ZX,amazon.com
https://discord.gg/wDfTYWPM,discord.gg
https://www.amazon.ca/gp/product/B087LRZ6LD/ref=ppx_yo_dt_b_asin_title_o01_s00?ie=UTF8&psc=1,amazon.ca
https://www.microsoft.com/en-us/p/stack-window-manager/9p4rj8rl7qgs,microsoft.com
https://ibb.co/hC3q721,ibb.co
https://www.lg.com/hk_en/tv/lg-OLED48CXPCA,lg.com
https://mizage.com/windivvy/,mizage.com
https://i.imgur.com/HMBP9wx.jpg.,imgur.com
https://imgur.com/ZVpSxQy,imgur.com
https://i.imgur.com/WiOhRhM.jpg,imgur.com
https://photos.app.goo.gl/UU43QC7aoX9r8ish9,goo.gl
https://i.imgur.com/QYYiLsK.jpg,imgur.com
https://www.cpgeek.org,cpgeek.org
https://www.microsoft.com/en-us/p/ws-virtual-desktop-tool/9n5wrj22t733?activetab=pivot:overviewtab,microsoft.com
https://www.officechairsunlimited.com/products/safco-locus-seat-flt-1000,officechairsunlimited.com
https://mounts-stands.com.au/product/dual-monitor-stand-arm-mount-tray-adapter-for-laptop-desk-holder-vision-mounts/,com.au
"https://github.com/Maassoft/ColorControl,",github.com
https://vietdiesel.com/en/home/133-diesel-laptop-install-services-by-teamviewer-2021.html,vietdiesel.com
https://www.bol.com/nl/p/nrlogic-draaibare-monitor-arm-geschikt-voor-2-schermen-monitor-arm-2-schermen-monitor-beugel-monitorarm-monitor-standaard-dual-monitor-set-up-monitorbeugel-monitorstandaard-monitor-arm-2-schermen-monitor-beugel-monitor-standaard/9300000010573488/?bltgh=nnVcrqDOI4e2BquxWYJB5w.1_30.37.ProductTitle,bol.com
https://imgur.com/a/XhY2Wwy,imgur.com
https://www.steelcase.com/products/office-chairs/gesture/,steelcase.com
https://www.samsung.com/latin/monitors/curved/essential-white-curved-monitor-with-the-deeply-immersive-viewing-experience-32-inch-lc32f391fwlxzp/,samsung.com
https://www.bol.com/nl/p/nrlogic-draaibare-monitor-arm-geschikt-voor-2-schermen-monitor-arm-2-schermen-monitor-beugel-monitorarm-monitor-standaard-dual-monitor-set-up-monitorbeugel-monitorstandaard-monitor-arm-2-schermen-monitor-beugel-monitor-standaard/9300000010573488/?bltgh=qLuyDxZwtPN19oQ0MYxKLw.1_31.39.ProductTitle,bol.com
https://www.amazon.co.uk/gp/product/B004P8J1A8,co.uk
https://symless.com/synergy,symless.com
https://www.microsoft.com/en-us/download/details.aspx?id=35460,microsoft.com
https://amzn.to/3renMdo,amzn.to
https://www.amazon.com/gp/product/B0872SFZKX/ref=ppx_yo_dt_b_asin_title_o01_s00?ie=UTF8&psc=1,amazon.com
https://www.amazon.com/North-Bayou-Monitor-Computer-14-3lbs/dp/B01AI2YGK4/ref=pd_bxgy_img_3/134-3782757-8513064?_encoding=UTF8&pd_rd_i=B01AI2YGK4&pd_rd_r=a0ee5510-18e1-4d0d-a92b-bffdcfae28a7&pd_rd_w=9spXj&pd_rd_wg=Igbro&pf_rd_p=f325d01c-4658-4593-be83-3e12ca663f0e&pf_rd_r=K2YQSYJ15PVCBD3C0RQ6&psc=1&refRID=K2YQSYJ15PVCBD3C0RQ6,amazon.com
https://macbookstand.com/,macbookstand.com
https://www.amazon.com/VIVO-Laptop-Notebook-Platform-STAND-LAP2/dp/B00Z1VBIE0,amazon.com
https://amzn.to/2KltnO7,amzn.to
https://amzn.to/2KjCEpU,amzn.to
https://www.amazon.com/shop/raymondstrazdas?listId=26WN1ZZR8ZJ1H,amazon.com
https://www.amazon.com/shop/raymondstrazdas,amazon.com
